Newfront Insurance,newfront.com
X,x.com
xAI,x.ai
Veo,veoride.com
Rippling,rippling.com
Chainlink,chain.link
Stripe,stripe.com
Bolt.new,bolt.new
Clerkie,clerkie.io
Republic Digital,republic.com
Autoblocks,autoblocks.ai
Browserbase,browserbase.com
Linkup,linkup.so
Inngest,inngest.com
Mintlify,mintlify.com
Replicate,replicate.com
Midjourney,midjourney.com
Sierra,sierra.ai
Even Realities,evenrealities.com
SpaceX,spacex.com
Retool,retool.com
SingleStore,singlestore.com
Quora,quora.com
Modal,modal.com
n8n,n8n.io
Posthog,posthog.com
Xreal,xreal.com
Clay,clay.com
Crusoe,crusoe.ai
Decagon,decagon.ai
DeepL,deepl.com
Apify,apify.com
Strike,strike.me
Arcade,arcade.ai